{
  "TestAcc": 90.98371887207031,
  "RetainTestAcc": 91.17060852050781,
  "MIA": 0.3881578947368421,
  "df": 73.95833587646484,
  "MethodTime": 259.42102122306824,
  "dataset": "PinsFaceRecognition",
  "net": "VGG16",
  "method": "zsmgm",
  "forget_class": "1",
  "seed": 0,
  "device": "mps",
  "zsmgm_learning_rate": 0.006683372548,
  "zsmgm_epsilon": 0.0051229850015,
  "zsmgm_lambda_manifold": 0.0115426759736,
  "zsmgm_k_neighbors": 1,
  "zsmgm_pgd_steps": 5,
  "zsmgm_pgd_alpha": 0.00392156862745
}