{
  "TestAcc": 92.64877319335938,
  "RetainTestAcc": 92.63545227050781,
  "MIA": 1.0,
  "df": 93.48958587646484,
  "MethodTime": 220.1291310787201,
  "dataset": "PinsFaceRecognition",
  "net": "VGG16",
  "method": "zsmgm",
  "forget_class": "1",
  "seed": 0,
  "device": "mps",
  "zsmgm_learning_rate": 0.000386086627146,
  "zsmgm_epsilon": 0.0136800952797,
  "zsmgm_lambda_manifold": 5.98122190115,
  "zsmgm_k_neighbors": 10,
  "zsmgm_pgd_steps": 10,
  "zsmgm_pgd_alpha": 0.00392156862745
}