{
  "TestAcc": 92.3864517211914,
  "RetainTestAcc": 92.3941879272461,
  "MIA": 0.0,
  "df": 91.92708587646484,
  "MethodTime": 278.8068850040436,
  "dataset": "PinsFaceRecognition",
  "net": "VGG16",
  "method": "zsmgm",
  "forget_class": "1",
  "seed": 0,
  "device": "mps",
  "zsmgm_learning_rate": 0.00160656434114,
  "zsmgm_epsilon": 0.0466038363779,
  "zsmgm_lambda_manifold": 9.21508268871,
  "zsmgm_k_neighbors": 10,
  "zsmgm_pgd_steps": 5,
  "zsmgm_pgd_alpha": 0.00392156862745
}