{"acc":0.7624661760854667,"loss":0.17542877733209192,"_timestamp":1.777610661853405e+09,"_step":7,"_wandb":{"runtime":0},"_runtime":0}