{
  "TestAcc": 92.72860717773438,
  "RetainTestAcc": 92.71013641357422,
  "MIA": 1.0,
  "df": 93.88021087646484,
  "MethodTime": 268.9682128429413,
  "dataset": "PinsFaceRecognition",
  "net": "VGG16",
  "method": "zsmgm",
  "forget_class": "1",
  "seed": 0,
  "device": "mps",
  "zsmgm_learning_rate": 0.000115379618369,
  "zsmgm_epsilon": 0.00665732657228,
  "zsmgm_lambda_manifold": 0.206324966364,
  "zsmgm_k_neighbors": 10,
  "zsmgm_pgd_steps": 5,
  "zsmgm_pgd_alpha": 0.00392156862745
}