{"_timestamp":1.77761840742446e+09,"df":91.92708587646484,"zsmgm_learning_rate":0.0016065643411417676,"zsmgm_pgd_steps":5,"_wandb":{"runtime":265},"method":"zsmgm","TestAcc":92.3864517211914,"zsmgm_epsilon":0.04660383637790141,"_runtime":265,"zsmgm_k_neighbors":10,"net":"VGG16","RetainTestAcc":92.3941879272461,"dataset":"PinsFaceRecognition","seed":0,"zsmgm_pgd_alpha":0.00392156862745098,"forget_class":"1","MethodTime":265.7616157531738,"device":"mps","zsmgm_lambda_manifold":9.215082688708396,"_step":0,"MIA":0}