{"method":"zsmgm","zsmgm_pgd_alpha":0.00392156862745098,"RetainTestAcc":92.23908233642578,"zsmgm_learning_rate":0.0016065643411417676,"_wandb":{"runtime":267},"dataset":"PinsFaceRecognition","_timestamp":1.7776189314517682e+09,"zsmgm_epsilon":0.04660383637790141,"zsmgm_pgd_steps":5,"df":89.84375,"_step":0,"TestAcc":92.22687530517578,"zsmgm_k_neighbors":10,"MIA":0,"_runtime":267,"zsmgm_lambda_manifold":9.215082688708396,"forget_class":"1","seed":1,"MethodTime":267.13987827301025,"net":"VGG16","device":"mps"}